"probeid","CHR","MAP","SYMBOL","NAME","logFC","AveExpr","t","P.Value","adj.P.Val","B"
"1552511_a_at","8","8q13.2","CPA6","carboxypeptidase A6",2.60153272215181,5.34021580316483,9.66095499060432,7.67928385187777e-13,2.33414006060047e-10,19.0945501487212
"1553015_a_at","8","8q24.3","RECQL4","RecQ like helicase 4",2.4153210028644,5.04578886094627,6.3917647626634,6.28461320503793e-08,1.81762973835832e-06,8.03044695024223
"1553102_a_at","5","5q33.1","CCDC69","coiled-coil domain containing 69",2.30781164051106,7.2968987687744,9.87189005400783,3.82563448406276e-13,1.32535610152708e-10,19.7746032675454
"1554036_at","6","6q21","ZBTB24","zinc finger and BTB domain containing 24",-2.003024990185,5.35699214098576,-5.3573150334862,2.35937557422813e-06,3.64115250997516e-05,4.49841401100607
"1554101_a_at","13","13q32.3","TMTC4","transmembrane and tetratricopeptide repeat containing 4",-2.179862094528,4.56694686178755,-8.07453636321731,1.69065253749163e-10,1.63576979295624e-08,13.8200065429386
"1554418_s_at","4","4q32.3","SPOCK3","sparc/osteonectin, cwcv and kazal-like domains proteoglycan (testican) 3",2.29596820449092,5.38572229715226,8.72285790789601,1.80924919131755e-11,2.6739541144523e-09,16.0067752591978
"1554591_at","4","4q21.1","PCAT4","prostate cancer associated transcript 4 (non-protein coding)",2.74881861168309,6.03679894198704,5.49588028982494,1.45917431760673e-06,2.44987688061341e-05,4.96525448151235
"1554655_a_at","17","17q21.32","RPRML","reprimo-like",-2.5030026467298,3.90224613517934,-5.73058229360973,6.43608831368984e-07,1.23725733519554e-05,5.76155565264028
"1554918_a_at","13","13q32","ABCC4","ATP binding cassette subfamily C member 4",-2.87495545992217,9.4270138526831,-9.04943869414539,5.95851436382468e-12,1.17638696407336e-09,17.0928840779771
"1555039_a_at","13","13q32","ABCC4","ATP binding cassette subfamily C member 4",-2.96167799502258,7.9028728232724,-7.25107250176385,3.02170082407828e-09,1.55756921347955e-07,10.9979018246989
"1555173_at","3","3q11","STX19","syntaxin 19",-2.36313370304911,7.23149946287995,-10.4809731271834,5.27227408738331e-14,2.78471145608857e-11,21.7064678047389
"1555404_a_at","15","15q21.1","DUOXA1","dual oxidase maturation factor 1",2.03357575592899,4.66391206941313,7.73753648975179,5.47468490788578e-10,3.99069848523014e-08,12.6698619831978
"1555826_at","17","17q25","BIRC5","baculoviral IAP repeat containing 5",-2.31549377188652,5.74551122116426,-8.51513490238512,3.68712131437361e-11,4.72244802633258e-09,15.3103032627868
"1555980_a_at","1","1p36.33","LOC100130417","uncharacterized LOC100130417",2.04419856335668,5.22766477786088,6.52803424649342,3.88313494383934e-08,1.21821543092074e-06,8.50078741748714
"1556364_at","3","NA","ADAMTS9-AS2","ADAMTS9 antisense RNA 2",2.08287701378364,6.4786438575754,7.56585868062627,9.98996724261038e-10,6.50235867857907e-08,12.0811489846872
"1556905_at","19","19q13.41","ZNF577","zinc finger protein 577",-2.10980690292186,4.75889673376054,-6.68262951317091,2.24838498654861e-08,7.94306095193089e-07,9.03483386975364
"1557207_s_at","11","11q25","LOC283177","uncharacterized LOC283177",-3.69303469488447,5.15155392601405,-7.97655202154174,2.37719797502488e-10,2.09264867642969e-08,13.4864234835475
"1557598_at","7","NA","LOC101927870","uncharacterized LOC101927870",-2.40156444341856,6.3207927965298,-5.57865194204218,1.09396782416646e-06,1.92604094682073e-05,5.24534315706105
"1557599_a_at","7","NA","LOC101927870","uncharacterized LOC101927870",-2.12461043734868,6.18035267078373,-5.30255274157788,2.85097295796036e-06,4.22907448123964e-05,4.31468446929824
"1557900_at","21","21q22.13","SIM2","single-minded family bHLH transcription factor 2",-2.12178161672433,3.99570437143656,-5.22857712548461,3.67920018477327e-06,5.23177034362386e-05,4.06724343239193
"1558820_a_at","18","18q12.1","CCDC178","coiled-coil domain containing 178",2.23657323366232,5.88419480484153,8.19458912551833,1.11467268059512e-10,1.16602724337968e-08,14.2277070595574
"1559265_at","10","10p12.31","SKIDA1","SKI/DACH domain containing 1",2.58021063639498,5.143973109439,8.51920178862311,3.63594310707457e-11,4.68585803867342e-09,15.3239789815498
"1559266_s_at","10","10p12.31","SKIDA1","SKI/DACH domain containing 1",2.43447624243917,5.22412980962843,11.0002395028355,1.00949036763866e-14,7.93287076949998e-12,23.3147148099474
"1559861_at","9","9q22.32","PCAT7","prostate cancer associated transcript 7 (non-protein coding)",-2.2484458290031,3.72390793665057,-8.40672810310812,5.35475082380409e-11,6.41355824506111e-09,14.9451977999724
"1560169_at","9","NA","LOC101927069","uncharacterized LOC101927069",2.0745491682244,5.67266398801906,6.82855297892173,1.34239870334649e-08,5.20181321146181e-07,9.53909699035877
"1561615_s_at","2","2p22.1","SLC8A1","solute carrier family 8 member A1",2.02238292572134,5.63261737399253,5.16020432838864,4.65401361911475e-06,6.34296382378419e-05,3.83935388060657
"1563571_at","4","4p16.3","CTBP1-AS","CTBP1 antisense RNA",-2.22626869564773,5.51599870097782,-5.42423688938089,1.87124019055792e-06,3.01598237616736e-05,4.72354464615611
"1565786_x_at","7","NA","FLJ45482","uncharacterized LOC645566",2.01149653609559,6.86742670759077,6.39875740727559,6.13129515340106e-08,1.77807559448631e-06,8.05456949917349
"1568821_at","15","15q26.3","TTC23","tetratricopeptide repeat domain 23",2.2577521160761,4.44549792466004,7.07079249748869,5.70601370447712e-09,2.58205134191781e-07,10.3758997259469
"201291_s_at","17","17q21.2","TOP2A","topoisomerase (DNA) II alpha",-2.18064174853805,3.67520099718826,-8.74508740941997,1.67693894774497e-11,2.50135629432385e-09,16.0810558552776
"201292_at","17","17q21.2","TOP2A","topoisomerase (DNA) II alpha",-2.34702531105609,4.85462262223061,-8.94322897173682,8.54061824148038e-12,1.54589988270931e-09,16.7409020369313
"201348_at","5","5q33.1","GPX3","glutathione peroxidase 3",2.11717033052591,8.55265779024001,7.57486381314289,9.67931206267883e-10,6.35523312386938e-08,12.1120698378664
"201495_x_at","16","16p13.11","MYH11","myosin, heavy chain 11, smooth muscle",2.53918622961193,7.70719406803062,8.35417213754684,6.41898650270895e-11,7.5479316106124e-09,14.7678090641286
"201820_at","12","12q13.13","KRT5","keratin 5",2.38995061953255,9.6924721886416,6.73277876009138,1.88315622330998e-08,6.90254952887648e-07,9.20812740480111
"201850_at","2","2p11.2","CAPG","capping actin protein, gelsolin like",2.55831096223916,7.5972554917247,9.4704971833173,1.44710106775277e-12,3.98497002580569e-10,18.4758335830668
"201890_at","2","2p25-p24","RRM2","ribonucleotide reductase regulatory subunit M2",-2.84882145692126,6.6258345279073,-10.9051346245461,1.36292861974221e-14,9.9800448180623e-12,23.0228845800688
"202095_s_at","17","17q25","BIRC5","baculoviral IAP repeat containing 5",-2.32313409345142,4.19112991249019,-7.83050227108998,3.95588514858104e-10,3.11625094381742e-08,12.9879195903685
"202218_s_at","11","11q12.2","FADS2","fatty acid desaturase 2",2.34315476630524,6.48171894744863,7.23562876583131,3.19067797390954e-09,1.63175323240304e-07,10.9446552232341
"202431_s_at","8","8q24.21","MYC","v-myc avian myelocytomatosis viral oncogene homolog",-2.88205196396728,8.61338295692508,-8.95720190326939,8.14499034681245e-12,1.49956253705114e-09,16.7872783355863
"202504_at","11","11q23.3","TRIM29","tripartite motif containing 29",2.506346225047,8.556746823001,7.88716838609365,3.24602044732806e-10,2.64768437449273e-08,13.1815103202801
"202988_s_at","1","1q31","RGS1","regulator of G-protein signaling 1",-2.48282494410415,8.3644064775126,-5.60030795230912,1.01443258895557e-06,1.80774356103758e-05,5.31876355198558
"203065_s_at","7","7q31.1","CAV1","caveolin 1",2.2590713202119,9.35766110674399,10.8243315995939,1.76048728759168e-14,1.23306825910688e-11,22.7739747419027
"203151_at","15","15q15.3","MAP1A","microtubule associated protein 1A",2.2201849127138,6.80659108781706,7.45710651086712,1.46352232714227e-09,8.76454012234143e-08,11.707404488246
"203242_s_at","4","4q22","PDLIM5","PDZ and LIM domain 5",-3.11007090907869,9.6266362303308,-9.80059715118911,4.83869028859108e-13,1.62393502508454e-10,19.5453741643264
"203295_s_at","1","1q23.2","ATP1A2","ATPase Na+/K+ transporting subunit alpha 2",2.51914393247148,5.60748766256748,7.14624904625844,4.372423097043e-09,2.08703851501672e-07,10.6363482850845
"203559_s_at","7","7q36.1","AOC1","amine oxidase, copper containing 1",4.25991058176726,6.09749215494804,7.50723476484321,1.22722976412784e-09,7.61851941626874e-08,11.8797506401037
"203797_at","2","2p24.3","VSNL1","visinin like 1",2.26641246256992,4.97283066939481,8.71646934041788,1.84918675133473e-11,2.72049990599331e-09,15.9854184353596
"203849_s_at","2","2q37.3","KIF1A","kinesin family member 1A",2.48573401836065,5.37937170085677,6.02251291320338,2.31067948001804e-07,5.34678637738184e-06,6.7597207448652
"203951_at","19","19p13.2","CNN1","calponin 1",2.08254832216145,10.3545866902651,8.10758435179959,1.50731897266357e-10,1.49428646093069e-08,13.9323518776528
"204284_at","10","10q23-q24","PPP1R3C","protein phosphatase 1 regulatory subunit 3C",2.24472453014935,9.10101574489873,7.25554631869373,2.9744488729296e-09,1.53826273253481e-07,11.0133250733143
"204412_s_at","22","22q12.2","NEFH","neurofilament, heavy polypeptide",2.40571716175194,11.5423776488565,6.6324776941248,2.68448201985536e-08,9.06617675028511e-07,8.86155058073847
"204416_x_at","19","19q13.2","APOC1","apolipoprotein C-I",-3.5304327151394,7.55076197761983,-8.2789109443767,8.32504363594332e-11,9.37848184987615e-09,14.5133614860105
"204429_s_at","1","1p36.2","SLC2A5","solute carrier family 2 member 5",2.39134547745006,3.81930844908619,5.62866120421229,9.1891248389747e-07,1.66421817418171e-05,5.41497299546721
"204430_s_at","1","1p36.2","SLC2A5","solute carrier family 2 member 5",4.15263633485012,7.892936127558,11.2443490333474,4.6965431489718e-15,4.20327565879784e-12,24.0581163988602
"204542_at","17","17q25.1","ST6GALNAC2","ST6 (alpha-N-acetyl-neuraminyl-2,3-beta-galactosyl-1,3)-N-acetylgalactosaminide alpha-2,6-sialyltransferase 2",2.07535839147161,7.70572667834821,10.5767439078701,3.87684649333094e-14,2.16246632513694e-11,22.0058082584403
"204713_s_at","1","1q23","F5","coagulation factor V",-3.13605200567488,5.36470390396804,-6.67389938265766,2.31884974753953e-08,8.13845533943096e-07,9.00466807916447
"204714_s_at","1","1q23","F5","coagulation factor V",-3.37528631533996,6.36531238251647,-6.71965505465357,1.97256913806313e-08,7.19753171679003e-07,9.16277643113006
"204734_at","17","17q21.2","KRT15","keratin 15",2.35864750336167,10.6500739480015,6.70054027118874,2.11045165866137e-08,7.57200913033527e-07,9.09672383641781
"204763_s_at","16","16q13","GNAO1","G protein subunit alpha o1",2.01534597016837,7.42595989949273,7.60717973499051,8.6422427031511e-10,5.78886523186747e-08,12.222997231221
"204777_s_at","2","2q11.1","MAL","mal T-cell differentiation protein",2.31750893199288,5.52246552389278,6.38660171407651,6.40026707339227e-08,1.83952011451941e-06,8.01263699385516
"204855_at","18","18q21.33","SERPINB5","serpin peptidase inhibitor, clade B (ovalbumin), member 5",2.1047220137493,6.92071725393313,5.94448215805849,3.04013155123057e-07,6.72271780707602e-06,6.49222729414283
"204934_s_at","19","19q13.12","HPN","hepsin",-2.81688081273301,9.27527404124222,-9.80703077695583,4.73707378116523e-13,1.60656610689855e-10,19.5660863839823
"204942_s_at","11","11q13","ALDH3B2","aldehyde dehydrogenase 3 family member B2",-2.54382066497242,7.98608585086483,-8.0181263892657,2.05696373005951e-10,1.87743100336508e-08,13.6280492786693
"204962_s_at","NA","NA","NA","NA",-2.18936357285826,3.95238310001177,-9.26023030361411,2.92668994339495e-12,6.8329727019016e-10,17.7877602846809
"204973_at","X","Xq13.1","GJB1","gap junction protein beta 1",-2.02449510063267,6.58889739628608,-6.75570174734668,1.73659590546863e-08,6.45344676796929e-07,9.28734265430231
"204993_at","22","22q11.22","GNAZ","G protein subunit alpha z",2.080487916605,9.27041293149396,9.67725612688899,7.27533881210687e-13,2.25388597295453e-10,19.1473010383873
"205073_at","1","1p31.3-p31.2","CYP2J2","cytochrome P450 family 2 subfamily J member 2",-2.32024481261405,6.28333038978732,-6.93723202215248,9.1438077133907e-09,3.7673189350094e-07,9.91461472077133
"205082_s_at","2","2q33","AOX1","aldehyde oxidase 1",3.08794427585541,6.42182914361604,13.2907743872763,1.03952881690885e-17,2.23283859679909e-14,29.9670519038924
"205083_at","2","2q33","AOX1","aldehyde oxidase 1",2.98469311959419,8.44111605683967,16.7201355224654,1.16499892364417e-21,9.38377508022286e-18,38.6248793943552
"205088_at","X","Xq28","MAMLD1","mastermind like domain containing 1",2.00423110899995,6.92405594283271,8.07286916824066,1.70047445244221e-10,1.64034689770167e-08,13.8143367340924
"205114_s_at","NA","NA","NA","NA",-2.35202157542063,6.32182665211329,-6.17491672046127,1.35090874794529e-07,3.41639944662868e-06,7.28334255673467
"205132_at","15","15q14","ACTC1","actin, alpha, cardiac muscle 1",2.50736879725328,9.82627439366554,5.56043378939838,1.16564476323026e-06,2.03334643348758e-05,5.18362187745822
"205249_at","10","10q21.1","EGR2","early growth response 2",-2.46670883621392,8.53597857073997,-6.84897816605678,1.24892358255871e-08,4.90122641978796e-07,9.60967847663732
"205303_at","12","12p11.23","KCNJ8","potassium voltage-gated channel subfamily J member 8",2.14013997424723,7.09105735978844,6.55286839021351,3.55684338971135e-08,1.13688429735228e-06,8.58655149300919
"205505_at","9","9q13","GCNT1","glucosaminyl (N-acetyl) transferase 1, core 2",-3.10346765115444,6.48003864680026,-10.312028413214,9.09385805621162e-14,4.18564303875832e-11,21.1754526020841
"205551_at","15","15q26.1","SV2B","synaptic vesicle glycoprotein 2B",3.27581787815772,6.9339305305431,8.23376276300749,9.73253194113762e-11,1.05095682172952e-08,14.3604884655678
"205577_at","11","11q12-q13.2","PYGM","phosphorylase, glycogen, muscle",2.4632280616882,6.42826231689456,6.97247362856304,8.07369716725149e-09,3.43174734870285e-07,10.0363585973537
"205578_at","9","9q22","ROR2","receptor tyrosine kinase-like orphan receptor 2",2.01579860681082,6.50325214136791,8.43059185200243,4.93204585509269e-11,6.04203746787951e-09,15.0256616042594
"205680_at","11","11q22.3","MMP10","matrix metallopeptidase 10",-2.63911558653917,4.78992353480966,-5.97783804154103,2.70381383634763e-07,6.09190055897093e-06,6.60651799610256
"205698_s_at","17","17q24.3","MAP2K6","mitogen-activated protein kinase kinase 6",-2.29999453367119,7.2424361142673,-10.9636714268907,1.13284560004148e-14,8.48817497389221e-12,23.2026509156244
"205725_at","11","11q12.3","SCGB1A1","secretoglobin family 1A member 1",4.10036643964543,7.11037918909251,8.12540604042146,1.41689779206821e-10,1.41773384977161e-08,13.9929004995168
"205738_s_at","1","1p33-p32","FABP3","fatty acid binding protein 3",2.24204685082557,8.32082961011792,7.2099467426999,3.49292549266695e-09,1.75841510075369e-07,10.8560921484671
"205743_at","3","3p22.3","STAC","SH3 and cysteine rich domain",3.25430341885296,8.04705226644325,9.85630676637258,4.02699987364655e-13,1.38027562690445e-10,19.7245524818589
"205765_at","7","7q21.1","CYP3A5","cytochrome P450 family 3 subfamily A member 5",3.07988049526691,8.02750462020336,7.59213900173982,9.11025921533477e-10,6.05202972492518e-08,12.1713754986096
"205776_at","1","1q21.1","FMO5","flavin containing monooxygenase 5",-2.57335093828263,6.99488359279249,-9.92591233252303,3.20309620384539e-13,1.13407205045818e-10,19.9478766395558
"205827_at","3","3p22.1","CCK","cholecystokinin",2.52770283334581,7.42254694674839,6.28217480331231,9.2537294864149e-08,2.49077619317294e-06,7.65262430771265
"205856_at","18","18q12.3","SLC14A1","solute carrier family 14 member 1 (Kidd blood group)",2.14246615123889,10.0288185591709,8.6079080089603,2.68150019222879e-11,3.74005431573244e-09,15.6218800448251
"205857_at","10","10q25","SLC18A2","solute carrier family 18 member A2",2.54294416614204,8.64200060185647,8.29961892833169,7.74989437167683e-11,8.82310412583236e-09,14.5834212484205
"205952_at","2","2p23","KCNK3","potassium two pore domain channel subfamily K member 3",2.87438239454938,6.38496684744977,10.2629533313698,1.06612524186101e-13,4.65365728827427e-11,21.0204996643925
"206030_at","17","17p13.3","ASPA","aspartoacylase",2.15552361032366,5.39915574405831,5.2423218901865,3.50912372343645e-06,5.03815612654621e-05,4.11315092625016
"206033_s_at","18","18q12.1","DSC3","desmocollin 3",2.13854076423618,7.17918199644848,6.35126235094552,7.2509978720277e-08,2.04929737227071e-06,7.89075824017701
"206065_s_at","8","8q22","DPYS","dihydropyrimidinase",2.50339902776676,5.88356573943698,6.08481018319714,1.85570385930004e-07,4.44197047866182e-06,6.97358492687391
"206191_at","3","3p21.3","ENTPD3","ectonucleoside triphosphate diphosphohydrolase 3",2.06141434848732,4.95677593552353,6.21897853327491,1.15650864701817e-07,2.99771135143029e-06,7.43497636729566
"206194_at","12","12q13.3","HOXC4","homeobox C4",-2.69780722396645,6.89435309357387,-7.96990992237983,2.43281934855708e-10,2.12997300519458e-08,13.4637849938411
"206243_at","3","3p25","TIMP4","TIMP metallopeptidase inhibitor 4",2.46754942785781,4.19513143977528,6.41595097879657,5.77000776703966e-08,1.69930420700412e-06,8.11388885141164
"206307_s_at","5","5q13.2","FOXD1","forkhead box D1",-3.18348105972726,3.9181479527609,-7.53489289743407,1.11366862862149e-09,7.0632459735346e-08,11.974789898873
"206465_at","15","15q23-q24","ACSBG1","acyl-CoA synthetase bubblegum family member 1",2.36392382289007,4.33394352357789,8.45838980940188,4.48182907849697e-11,5.5969012046548e-09,15.1193253397725
"206502_s_at","20","20p11.2","INSM1","insulinoma associated 1",-2.77668199718141,4.81680129077642,-5.78141268400136,5.38703850694462e-07,1.07205060935917e-05,5.93480884360447
"206558_at","21","21q22.13","SIM2","single-minded family bHLH transcription factor 2",-3.02955963034702,10.436332779258,-8.00085645129963,2.18435388131743e-10,1.96585747771414e-08,13.5692335996527
"206599_at","17","17q25.1","SLC16A5","solute carrier family 16 member 5",2.13885582868736,4.83698193370047,11.2609025821991,4.46029102666861e-15,4.10588904537817e-12,24.1082323574806
"206600_s_at","17","17q25.1","SLC16A5","solute carrier family 16 member 5",3.14894488570855,7.06989639927001,15.1892273532856,5.71502369422455e-20,2.6304621200603e-16,34.9431274734722
"206858_s_at","12","12q13.3","HOXC6","homeobox C6",-5.12400582885707,6.58047068191181,-12.6648473090136,6.37017635299449e-17,1.20729830539488e-13,28.2209761745253
"207147_at","2","2q32","DLX2","distal-less homeobox 2",-5.18945482230692,5.06552555725616,-11.0270225964984,9.27851058536045e-15,7.47360831374321e-12,23.3966767658582
"207165_at","5","5q34","HMMR","hyaluronan mediated motility receptor",-2.75908529829733,3.88792128340258,-12.4937119220929,1.05481940514742e-16,1.78869612707604e-13,27.7342282741204
"207254_at","13","13q32.3","SLC15A1","solute carrier family 15 member 1",2.69260638127918,6.87377869087458,6.12572154658448,1.60666234779486e-07,3.9305280321642e-06,7.11416642705836
"207262_at","12","12q13.3","APOF","apolipoprotein F",-2.78357554977075,5.05869754790005,-9.25501660153523,2.97843623426153e-12,6.90375805983254e-10,17.7706338439457
"207373_at","2","2q31.1","HOXD10","homeobox D10",2.22170105611441,4.18209987695144,11.0625567660813,8.29754284727607e-15,6.85483417939456e-12,23.5052678448734
"207390_s_at","22","22q12.2","SMTN","smoothelin",2.2025116711021,9.84136287796806,7.11039163077153,4.96194367661395e-09,2.31358702339834e-07,10.5125987551405
"207414_s_at","NA","NA","NA","NA",-2.55199589540636,6.00132587646144,-12.2556574456483,2.14073341853088e-16,3.13510409143848e-13,27.0504281777767
"207802_at","6","6p12.3","CRISP3","cysteine rich secretory protein 3",-5.2288553527858,5.46050727460161,-6.3230998410275,8.00904843725056e-08,2.22341867354434e-06,7.79366363026329
"208165_s_at","6","6p21","PRSS16","protease, serine 16",2.16048805873959,7.56660967531151,6.38694797201851,6.39244475367473e-08,1.83891229927363e-06,8.01383138433437
"208399_s_at","20","20q13.2-q13.3","EDN3","endothelin 3",2.34124855537588,5.05638929287567,8.13428625941116,1.37390097729067e-10,1.383303612104e-08,14.0230613757054
"208790_s_at","17","17q21.2","PTRF","polymerase I and transcript release factor",2.16792354497451,9.06965482645371,8.7643050548298,1.57044137231425e-11,2.36606893830534e-09,16.1452318797737
"208937_s_at","20","20q11","ID1","inhibitor of DNA binding 1, HLH protein",2.07748223894197,8.65627695035921,5.41483870557316,1.93321839625673e-06,3.09816496152187e-05,4.69188954615634
"208962_s_at","NA","NA","NA","NA",2.25197871557815,8.13002697038306,6.80267028665944,1.47097608912413e-08,5.58225896531098e-07,9.44965420143799
"208963_x_at","NA","NA","NA","NA",2.36334302743884,8.53933614022306,9.34004137561693,2.23883319229923e-12,5.67976115139282e-10,18.0495400636323
"209260_at","1","1p36.11","SFN","stratifin",2.14776041265598,8.34727472199478,5.77144380085078,5.57842712058747e-07,1.10129499631255e-05,5.9008102630871
"209424_s_at","NA","NA","NA","NA",-5.18300353777289,9.77506136501182,-15.6629455812952,1.66661084376092e-20,1.07393069550266e-16,36.1127523948178
"209425_at","NA","NA","NA","NA",-3.97588035271535,10.2833135112116,-17.7572753666202,9.59995152289593e-23,3.09300838116184e-18,40.9637419548104
"209426_s_at","NA","NA","NA","NA",-4.30169058590057,10.3487402293202,-17.0936410593734,4.68205522764004e-22,7.54255686896672e-18,39.4811233061548
"209427_at","22","22q12.2","SMTN","smoothelin",2.20307920375954,9.29287243121456,8.65043523925701,2.31789842733623e-11,3.30444112523655e-09,15.7644291995152
"209569_x_at","4","4p16.3","NSG1","neuron specific gene family member 1",2.67359966916767,5.07038122130443,6.40913718487512,5.9105706653834e-08,1.72963375356937e-06,8.09037954658356
"209570_s_at","4","4p16.3","NSG1","neuron specific gene family member 1",2.58013596248756,7.31866394774703,6.6350192712904,2.66047302967906e-08,9.0039685444569e-07,8.87033155128407
"209603_at","10","10p15","GATA3","GATA binding protein 3",2.02977785889864,6.6842704453112,6.5462853761394,3.64056844530442e-08,1.15933488565764e-06,8.56381605800945
"209624_s_at","5","5q12-q13","MCCC2","methylcrotonoyl-CoA carboxylase 2",-2.2524748216496,8.42797894061887,-7.33427825747746,2.25425588360318e-09,1.22478702046899e-07,11.2846331419639
"209686_at","21","21q22.3","S100B","S100 calcium binding protein B",2.03691455907382,5.51246489429271,5.30359633603054,2.8407190318785e-06,4.21580499714847e-05,4.31818144910845
"209758_s_at","12","12p13.31","MFAP5","microfibrillar associated protein 5",2.34913711061456,5.26858846209266,5.16402205493184,4.59341806766809e-06,6.27897058643183e-05,3.85205720644775
"209773_s_at","2","2p25-p24","RRM2","ribonucleotide reductase regulatory subunit M2",-2.27113548019308,4.06031266689804,-8.20469956790486,1.07630383141262e-10,1.12955808287567e-08,14.2619891776367
"209948_at","5","5q34","KCNMB1","potassium calcium-activated channel subfamily M regulatory beta subunit 1",2.11794736191697,9.61774103217845,8.06219474934106,1.76473586940088e-10,1.67229485224197e-08,13.7780300244423
"209950_s_at","3","3p21.3","VILL","villin-like",2.30081598162259,5.82674961567702,7.87592133773388,3.37591498885814e-10,2.73287952326685e-08,13.1431038505717
"210096_at","1","1p33","CYP4B1","cytochrome P450 family 4 subfamily B member 1",2.08680180105688,7.10817426974723,6.47053398333245,4.75803655436749e-08,1.44895254957624e-06,8.30226287940621
"210108_at","3","3p14.3","CACNA1D","calcium voltage-gated channel subunit alpha1 D",-2.00947479521636,7.934344953477,-5.38070610350841,2.1758944680457e-06,3.40978326196325e-05,4.57702958447246
"210198_s_at","X","Xq22","PLP1","proteolipid protein 1",2.40357076500101,6.27699738244281,6.44615378870572,5.1860639637209e-08,1.55287913426695e-06,8.2181128814022
"210273_at","4","4p15","PCDH7","protocadherin 7",2.07795518657851,5.08060732107309,6.96299462617352,8.34854035011986e-09,3.5207018526245e-07,10.0036145751328
"210280_at","1","1q23.3","MPZ","myelin protein zero",2.18524862792808,5.95903622575321,6.85247436867894,1.23358939287464e-08,4.85287138571771e-07,9.62175977713887
"210347_s_at","2","2p16.1","BCL11A","B-cell CLL/lymphoma 11A",2.52988252332926,6.70586463165796,10.3239798686991,8.74881666194278e-14,4.08519020334978e-11,21.2131411529886
"210401_at","17","17p13.3","P2RX1","purinergic receptor P2X 1",2.91891422167339,6.0352910834447,8.20587579117731,1.07192732439712e-10,1.12864138773696e-08,14.2659769253702
"210480_s_at","6","6q13","MYO6","myosin VI",-2.60967827326567,7.97676926045713,-10.5754599790398,3.89282866811331e-14,2.16246632513694e-11,22.0018033034217
"210880_s_at","14","14q11.2","EFS","embryonal Fyn-associated substrate",2.31022516248143,7.33751743148064,8.88344000964088,1.04647331518045e-11,1.82250398604319e-09,16.5422269195716
"211276_at","X","Xq22.1-q22.3","TCEAL2","transcription elongation factor A like 2",2.43083356518786,8.69626670149334,11.0821808825703,7.80151808822062e-15,6.61466082327316e-12,23.5651645083332
"211562_s_at","1","1q32","LMOD1","leiomodin 1",2.37645868462647,8.2848334558624,9.72654312995389,6.17988933178403e-13,1.9520573958897e-10,19.3065964363472
"211864_s_at","10","10q24","MYOF","myoferlin",2.0557090204284,7.94680705207271,7.97917941299414,2.355550763638e-10,2.08498599048497e-08,13.4953776239708
"212094_at","7","7q21","PEG10","paternally expressed 10",2.44149722439932,5.59719862414414,8.42831727744333,4.97084317408732e-11,6.04360740475168e-09,15.0179944210299
"212817_at","9","9p13.3","DNAJB5","DnaJ heat shock protein family (Hsp40) member B5",2.42987500643907,6.30887931129149,8.38149827896825,5.84143577212877e-11,6.94484203476815e-09,14.8600719926949
"212992_at","14","14q32.33","AHNAK2","AHNAK nucleoprotein 2",2.66832224365393,8.22584092788625,7.69119936275174,6.4385041474421e-10,4.53921586709928e-08,12.5111312481968
"213068_at","1","1q12-q23","DPT","dermatopontin",2.71423006317084,7.18121557494593,7.69453148736172,6.36383195596583e-10,4.50629234701677e-08,12.5225499391332
"213071_at","1","1q12-q23","DPT","dermatopontin",2.06214923642053,9.66000084992942,7.30000965103972,2.54329089402385e-09,1.34995534290864e-07,11.1665722744452
"213075_at","9","9q33.3","OLFML2A","olfactomedin like 2A",2.03908057920312,6.69577827615475,9.96522756845022,2.81534120546772e-13,1.03076679885187e-10,20.0737460691565
"213143_at","2","2q37.1","C2orf72","chromosome 2 open reading frame 72",-2.75479233096836,8.22820141612303,-7.97838410785674,2.36208231051663e-10,2.08503917705577e-08,13.4926672800899
"213386_at","9","9q31.1","TMEM246","transmembrane protein 246",2.30755028658222,5.5391586437874,9.73115136054562,6.08640152176565e-13,1.94216479486036e-10,19.3214749139185
"213520_at","8","8q24.3","RECQL4","RecQ like helicase 4",3.03712288850931,6.3245912339783,8.05767479745103,1.79267792301775e-10,1.68283929232795e-08,13.7626537594247
"213590_at","17","17q25.1","SLC16A5","solute carrier family 16 member 5",2.21001022213894,7.32017927003651,12.132913406875,3.0923660889555e-16,4.33186708782857e-13,26.694790871147
"213601_at","10","10q23.3-q24","SLIT1","slit guidance ligand 1",-2.22610278106396,4.23294805950215,-6.08342146428306,1.86480086741745e-07,4.46043200796755e-06,6.96881475419331
"213765_at","12","12p13.31","MFAP5","microfibrillar associated protein 5",2.37466644760748,4.92437720525553,5.74850832143474,6.04479185133234e-07,1.17252949222202e-05,5.82262641491983
"213791_at","8","8q12.1","PENK","proenkephalin",2.74839420529591,7.05844170847954,7.32583193926857,2.3222805255869e-09,1.2575051471241e-07,11.2555383534312
"213925_at","1","1q42.12","C1orf95","chromosome 1 open reading frame 95",2.02752472135069,6.5700373891886,7.65694293182781,7.25916294871005e-10,5.01894787649118e-08,12.393701955894
"213992_at","X","Xq22","COL4A6","collagen type IV alpha 6",2.18854942905688,8.30005742328902,7.45341428107539,1.48263492771143e-09,8.81347135349347e-08,11.6947055436919
"214091_s_at","5","5q33.1","GPX3","glutathione peroxidase 3",2.09490543464403,7.89367192433604,7.51403434736867,1.19827651682614e-09,7.49655749429539e-08,11.9031189826207
"214156_at","3","3p22.1","MYRIP","myosin VIIA and Rab interacting protein",-2.12544479218499,8.30330477730137,-8.55660221441538,3.19759383868386e-11,4.20503166892063e-09,15.4496720873291
"214234_s_at","7","7q21.1","CYP3A5","cytochrome P450 family 3 subfamily A member 5",3.02046257480244,6.37337479082087,8.7691657799006,1.54460294417428e-11,2.3474321819977e-09,16.1614579848092
"214235_at","7","7q21.1","CYP3A5","cytochrome P450 family 3 subfamily A member 5",2.59182451613473,7.14628531938203,7.18380707631051,3.83006954141948e-09,1.87254947731403e-07,10.7659299497734
"214266_s_at","5","5q35.3","PDLIM7","PDZ and LIM domain 7",2.01380287909269,5.65112462041049,6.56274830001037,3.43478450415214e-08,1.10334318982331e-06,8.62067475263833
"214279_s_at","14","14q11.2","NDRG2","NDRG family member 2",2.01905696316102,6.770749013169,6.60081460465985,3.00238646327937e-08,9.93161082755628e-07,8.75216362971035
"214460_at","3","3q13.31","LSAMP","limbic system-associated membrane protein",3.15422856354642,7.31376969921016,7.96319959361533,2.49034187283106e-10,2.17423526230786e-08,13.4409107056546
"214604_at","2","2q31.1","HOXD11","homeobox D11",2.67322906958981,3.83282078960727,14.0090203261816,1.37920513417192e-18,4.03969183798957e-15,31.9053311344278
"214624_at","19","19q13.13","UPK1A","uroplakin 1A",2.27601250407618,7.12300886741166,7.44532792525843,1.52537347206663e-09,9.00110034734703e-08,11.6668913900043
"214774_x_at","16","16q12.1","TOX3","TOX high mobility group box family member 3",-2.75157176180089,7.33417452730507,-7.01258317138746,7.00753595839902e-09,3.05393072617066e-07,10.1748966343211
"214806_at","12","12p11.2-p11.1","BICD1","bicaudal D homolog 1 (Drosophila)",-2.25358612713709,6.42884911765114,-8.55955167443838,3.16537894040867e-11,4.17972721643553e-09,15.4595788003874
"214821_at","4","4q35","SLC25A4","solute carrier family 25 member 4",2.03248437899598,3.60567293704979,8.27678859727193,8.38636726399902e-11,9.40031519970552e-09,14.5061790326671
"214823_at","6","6p21.3","ZNF204P","zinc finger protein 204, pseudogene",2.01313748639465,7.4503041756067,10.8088609364966,1.84908511661737e-14,1.24115986192281e-11,22.7262172637051
"215108_x_at","16","16q12.1","TOX3","TOX high mobility group box family member 3",-2.63489099821815,7.42022220810229,-7.19323235219969,3.70489803250329e-09,1.82799555450572e-07,10.7984424320006
"215323_at","11","11p14.3","LUZP2","leucine zipper protein 2",-3.35332114414394,4.61532005102146,-11.8041856197131,8.36036555146285e-16,9.97639324824377e-13,25.7320665874726
"215432_at","16","16p12.3","ACSM1","acyl-CoA synthetase medium-chain family member 1",-2.75518740374764,7.4337478140701,-5.79795498646615,5.08374177124736e-07,1.02306730873091e-05,5.99124691316918
"216086_at","5","5q13.3","SV2C","synaptic vesicle glycoprotein 2C",-2.21824879458163,5.34430364835967,-6.97465618732352,8.01170866213472e-09,3.41893034947442e-07,10.0438977875548
"216623_x_at","16","16q12.1","TOX3","TOX high mobility group box family member 3",-2.64349732797356,7.89135971058881,-7.55734767544031,1.02927778605967e-09,6.64575170121373e-08,12.0519209133205
"216803_at","4","4q22","PDLIM5","PDZ and LIM domain 5",-2.76302360124542,4.50069475702418,-7.91934329618143,2.90151407668415e-10,2.4536451978133e-08,13.2913331190317
"216804_s_at","4","4q22","PDLIM5","PDZ and LIM domain 5",-2.64897521924908,10.7318731909534,-10.0997071485835,1.81326427314895e-13,7.21253847118344e-11,20.5027990010633
"216834_at","1","1q31","RGS1","regulator of G-protein signaling 1",-2.34663535760054,7.24587017455165,-5.75675694909618,5.87276729612511e-07,1.1488445022092e-05,5.85073884983307
"217111_at","5","5p13","AMACR","alpha-methylacyl-CoA racemase",-5.19726661792295,7.1900612783696,-15.5847822524803,2.03882899844836e-20,1.09481719168346e-16,35.9216764333783
"217113_at","5","5p13","AMACR","alpha-methylacyl-CoA racemase",-4.23851850444777,5.1344121097759,-8.44612985756071,4.67505061672591e-11,5.79328676231893e-09,15.0780248099805
"218039_at","15","15q15.1","NUSAP1","nucleolar and spindle associated protein 1",-2.47465332313243,5.84146878253405,-11.6412470901844,1.37583585685932e-15,1.38944584044943e-12,25.2493342383738
"218332_at","X","Xq22.1; Xq22","BEX1","brain expressed X-linked 1",2.5802847507548,7.2112334496837,8.81962091536571,1.30043725845292e-11,2.09493940150473e-09,16.3297445842563
"218844_at","17","17q21.33","ACSF2","acyl-CoA synthetase family member 2",2.52750602726777,7.05015444156116,11.757457633116,9.64086263630581e-16,1.07109983889358e-12,25.5940028523814
"218888_s_at","16","16q11","NETO2","neuropilin and tolloid like 2",-2.53805283070151,4.50593103639904,-11.4180097549709,2.7377139035607e-15,2.67292134117643e-12,24.5819994818034
"218931_at","2","2q37.3","RAB17","RAB17, member RAS oncogene family",-2.06509528072277,5.21227996887019,-12.0117030213762,4.45503515663793e-16,5.74147110846869e-13,26.3415509571514
"218963_s_at","17","17q21.2","KRT23","keratin 23",2.02556141570201,7.99281484972436,5.38858205822633,2.11735099915651e-06,3.33752112729079e-05,4.60351812781818
"219195_at","4","4p15.1","PPARGC1A","PPARG coactivator 1 alpha",2.18242103800407,7.07687647151283,12.3850270220086,1.45587406636367e-16,2.23365745448434e-13,27.4230071316813
"219360_s_at","19","19q13.33","TRPM4","transient receptor potential cation channel subfamily M member 4",-2.27153981147902,10.2893189494502,-10.7700318111909,2.09187295514666e-14,1.34426551785278e-11,22.6062104437757
"219464_at","1","1q21","CA14","carbonic anhydrase XIV",2.50222618759184,4.05607976943007,10.8168851024828,1.80258242241089e-14,1.23568942697141e-11,22.7509916664161
"219521_at","11","11q25","B3GAT1","beta-1,3-glucuronyltransferase 1",-2.42745254679354,7.59551967551641,-7.39959305724336,1.79145426795749e-09,1.02063126778208e-07,11.5095248497386
"219525_at","17","17p11.2","SLC47A1","solute carrier family 47 member 1",2.20983896608039,7.02615817115232,7.71953901018788,5.83050084896662e-10,4.19314524225124e-08,12.6082258635324
"219545_at","NA","NA","NA","NA",2.33009411767252,6.57237069004413,6.51305756192945,4.09419749010608e-08,1.27204386628474e-06,8.44907189381274
"219597_s_at","15","15q15.3","DUOX1","dual oxidase 1",3.06383552245658,6.53758315169467,9.94909205546585,2.96838625418128e-13,1.06264929692741e-10,20.0221112333198
"219659_at","13","13q12","ATP8A2","ATPase phospholipid transporting 8A2",-3.76779377710721,4.71306284535943,-7.43297628622372,1.59305511435317e-09,9.28149054780194e-08,11.6244004685646
"219669_at","19","19q13.2","CD177","CD177 molecule",5.04773028326396,9.02604391817069,10.2716154562016,1.03659520326942e-13,4.63861956307464e-11,21.0478729322355
"219685_at","X","Xq22.1","TMEM35","transmembrane protein 35",2.26226642638838,7.96243945065205,7.71443310176393,5.93561559178592e-10,4.25923382520602e-08,12.5907360364991
"219704_at","17","17p13.1","YBX2","Y-box binding protein 2",2.09806661901773,3.87342680312968,7.03764230458666,6.41425277034517e-09,2.84656763096076e-07,10.261436633771
"219837_s_at","4","4p16-p15","CYTL1","cytokine like 1",2.4085840482474,5.45187693103736,9.37992111500552,1.95883205925479e-12,5.01662669087209e-10,18.180068291784
"220014_at","5","5q23.1","PRR16","proline rich 16",-2.30899193830555,7.49285621933036,-5.29730768788012,2.90306557219401e-06,4.29054448029902e-05,4.29711140891751
"220233_at","19","19q13.2","FBXO17","F-box protein 17",2.31910219847286,4.81522574754021,11.743354202792,1.00651391681789e-15,1.08096239619852e-12,25.5522731233148
"220245_at","5","5p13.2","SLC45A2","solute carrier family 45 member 2",-2.82537994362075,3.66293152176011,-7.14999843835771,4.31498744978328e-09,2.06267923804996e-07,10.6492860874827
"220413_at","14","14q11.2","SLC39A2","solute carrier family 39 member 2",2.981336692861,4.39777281588757,6.29080172726107,8.9762294353962e-08,2.43438666817365e-06,7.68234934894799
"220541_at","11","11p15","MMP26","matrix metallopeptidase 26",-2.86017406013199,4.96495000017353,-7.76923188453907,4.90027426667324e-10,3.66315398139084e-08,12.7783609445718
"220663_at","X","Xp22.1-p21.3","IL1RAPL1","interleukin 1 receptor accessory protein like 1",-2.29328347486158,4.11777044368647,-6.41396551732601,5.81061803063953e-08,1.70814144460926e-06,8.10703836123973
"220751_s_at","5","5q31-q32","FAXDC2","fatty acid hydroxylase domain containing 2",2.17661470345716,8.09482866516653,8.82357517755776,1.28303217202177e-11,2.07728711308389e-09,16.3429224251164
"221016_s_at","2","2p11.2","TCF7L1","transcription factor 7 like 1",2.17566930579887,6.90526627812557,8.98054117929259,7.52495143918084e-12,1.40957215359865e-09,16.864694853096
"221424_s_at","11","11p15","OR51E2","olfactory receptor family 51 subfamily E member 2",-4.11546964383535,8.3463071050203,-7.62707253891625,8.06012881202583e-10,5.45565735703068e-08,12.2912529079135
"221577_x_at","19","19p13.11","GDF15","growth differentiation factor 15",-2.40749030547341,9.60019120478266,-6.31813959328615,8.15052917788586e-08,2.24830393478e-06,7.77656557399701
"221582_at","1","1q42.13","HIST3H2A","histone cluster 3, H2a",-2.0221442126674,8.84026849051133,-8.16681580106924,1.2273106349066e-10,1.25926847384766e-08,14.1334912036267
"221605_s_at","17","17q11.2","PIPOX","pipecolic acid oxidase",2.24229174212716,7.1241361402445,8.84742971549718,1.18290548679388e-11,1.9850016603652e-09,16.4223848090224
"221667_s_at","12","12q24.23","HSPB8","heat shock protein family B (small) member 8",2.08799860101936,8.84370824123624,8.66609469051135,2.19690356021046e-11,3.17408232315788e-09,15.8168741727358
"221901_at","22","NA","KIAA1644","KIAA1644",2.26296149111827,7.29029071926051,7.44569138496019,1.52342620483562e-09,9.00110034734703e-08,11.6681416246117
"222121_at","3","3q25.2","ARHGEF26","Rho guanine nucleotide exchange factor 26",-2.13447931078407,6.83848397401044,-8.77824637128344,1.49747563509997e-11,2.30492888758854e-09,16.1917644118169
"222274_at","22","22q11.23","ZDHHC8P1","zinc finger DHHC-type containing 8 pseudogene 1",2.49267006090546,6.50583024352769,5.46709793684833,1.6126302675821e-06,2.66447869698604e-05,4.86806536462339
"222592_s_at","10","10q25.2","ACSL5","acyl-CoA synthetase long-chain family member 5",-2.12505969559039,8.29225298441071,-5.94808167760803,3.00192159438263e-07,6.66108208329296e-06,6.50455660309492
"222774_s_at","16","16q11","NETO2","neuropilin and tolloid like 2",-2.16216238311432,3.96241815298212,-7.35766920584701,2.07612557000527e-09,1.1453885229452e-07,11.3651926978155
"222783_s_at","14","14q24.2","SMOC1","SPARC related modular calcium binding 1",2.52510373155452,5.3738682960306,6.76599961648493,1.67452510338746e-08,6.26614684158429e-07,9.32292947891023
"222784_at","14","14q24.2","SMOC1","SPARC related modular calcium binding 1",2.57080614625417,9.4754973431803,8.79780508279298,1.40083371492383e-11,2.20163226639663e-09,16.2570128174429
"222918_at","X","Xq22.2","RAB9B","RAB9B, member RAS oncogene family",2.34612115447101,7.75058606212708,8.6103324067144,2.6593050226298e-11,3.72522384887433e-09,15.6300112488517
"223467_at","17","17p11.2","RASD1","RAS, dexamethasone-induced 1",-2.05777480571046,7.92279937151118,-6.61928427301898,2.81263862188559e-08,9.42000039069977e-07,8.81596948734785
"223642_at","13","13q32","ZIC2","Zic family member 2",-3.65591363789209,3.95049809707231,-6.32660863980868,7.91044969374067e-08,2.20282436199335e-06,7.80575910188726
"224224_s_at","2","2q31.2","PDE11A","phosphodiesterase 11A",2.45170772294069,5.07921878340843,5.78388522543187,5.34058789999689e-07,1.06412122170686e-05,5.94324285686432
"224355_s_at","11","11q12.2","MS4A8","membrane spanning 4-domains A8",-3.2122090431896,5.91115522676032,-7.82804192826034,3.99002042178412e-10,3.12784593599665e-08,12.9795093584148
"224458_at","9","9q31.1","TMEM246","transmembrane protein 246",2.02288813127499,6.05653976612651,8.87001413542408,1.09537902255319e-11,1.86730247236197e-09,16.4975615667882
"225482_at","2","2q37.3","KIF1A","kinesin family member 1A",2.51798892325141,6.51299812583725,7.1677693373133,4.05288230182977e-09,1.95478764794391e-07,10.7106018366157
"225790_at","12","12q14.3","MSRB3","methionine sulfoxide reductase B3",2.15484816535832,7.17835773652761,9.28632063809409,2.68105941296438e-12,6.39859653528143e-10,17.8734172937751
"226226_at","11","11q24.3","TMEM45B","transmembrane protein 45B",-2.82544463595025,5.75237357648797,-6.19620357065901,1.25323034439804e-07,3.20968429778701e-06,7.35658638741613
"226281_at","2","2q36.3","DNER","delta/notch like EGF repeat containing",2.07151841256849,7.13734853463277,5.12306939092185,5.28616392330875e-06,7.03489944011089e-05,3.71592432272962
"226433_at","17","17q25.1","RNF157","ring finger protein 157",-2.95018608581075,6.00595956315234,-8.25143959239437,9.1549494084253e-11,1.01014833900704e-08,14.4203632321416
"226614_s_at","8","8p23-p22","FAM167A","family with sequence similarity 167 member A",2.31353905625612,4.97900925757039,6.13322949511078,1.5647168981442e-07,3.84836746116854e-06,7.13997645476132
"226755_at","1","1q32.2","MIR205HG","MIR205 host gene",2.80402756470039,6.0407066256895,8.06891478928064,1.72400107065782e-10,1.64823710669211e-08,13.8008877970216
"226918_at","NA","NA","NA","NA",2.53443468697686,7.31639912204209,9.95037190362881,2.95594552808698e-13,1.06264929692741e-10,20.0262080483903
"226926_at","19","19q13.12","DMKN","dermokine",2.94397896069824,6.38944246245126,14.1336247318425,9.77794309735276e-19,3.42940349704746e-15,32.2345975627695
"226973_at","20","20q11.23","VSTM2L","V-set and transmembrane domain containing 2 like",-2.1057207971228,7.19125293054866,-7.91605115487137,2.93500561769178e-10,2.47546979048198e-08,13.2800993468048
"227006_at","19","19q13.1","PPP1R14A","protein phosphatase 1 regulatory inhibitor subunit 14A",2.14302857614903,9.23398577232395,6.90815261381293,1.01329932532849e-08,4.10144358828628e-07,9.81414698632179
"227429_at","11","11p15.5","CRACR2B","calcium release activated channel regulator 2B",-2.33283475032475,7.54138838522599,-9.47586361395438,1.42141386500924e-12,3.94797701006317e-10,18.4933265315699
"227486_at","6","6q14-q21","NT5E","5'-nucleotidase ecto",2.01015048911177,6.44575173643246,6.67982328545186,2.27079856974801e-08,7.99594088729084e-07,9.02513726190464
"227642_at","2","2q14","TFCP2L1","transcription factor CP2-like 1",2.1914250976192,6.44783993977477,6.68550875616595,2.22561816939852e-08,7.87348222490345e-07,9.04478283596226
"227655_at","5","NA","SNHG18","small nucleolar RNA host gene 18",3.13371605970507,5.14326205788789,13.818877918978,2.33972125503138e-18,6.281956592988e-15,31.3989205850849
"227660_at","2","2p13.1","ANTXR1","anthrax toxin receptor 1",2.45970449255054,5.73525232166088,7.10311397929801,5.09099281736722e-09,2.35670542503957e-07,10.4874785222748
"227695_at","NA","NA","NA","NA",-3.17659118564257,5.91850773610187,-11.7645995511545,9.43297278988497e-16,1.07109983889358e-12,25.615124114195
"227794_at","NA","NA","NA","NA",-3.6028416614638,8.53435525248205,-9.53504496855446,1.1669048624778e-12,3.29793927755896e-10,18.6860118331565
"227835_at","7","NA","LOC389831","uncharacterized LOC389831",2.2698543308167,7.01150084473,5.01074136948052,7.76033994822348e-06,9.59809569258396e-05,3.34412391483933
"227843_at","NA","NA","NA","NA",2.36151736615555,7.11825343441362,7.5014801046786,1.25228189941021e-09,7.74419779598803e-08,11.8599716439427
"227915_at","14","14q32.12","ASB2","ankyrin repeat and SOCS box containing 2",2.00884948960364,6.74192094834805,8.52352077469696,3.58237598083518e-11,4.63536432636662e-09,15.3385007311711
"227971_at","X","Xq22.3","NRK","Nik related kinase",2.06590551470994,7.92742270301761,7.04754556420334,6.1939092881427e-09,2.76784415193716e-07,10.2956335779595
"228004_at","20","20p11.21","LINC00261","long intergenic non-protein coding RNA 261",2.96843064343173,6.1719298956546,6.60707890773669,2.93663772179514e-08,9.7743316899295e-07,8.77380395075246
"228133_s_at","NA","NA","NA","NA",2.39233625674445,8.93491546132644,8.17813620920955,1.18007777262673e-10,1.21472606250034e-08,14.1719011835174
"228195_at","2","2q32.2","C2orf88","chromosome 2 open reading frame 88",2.45261760636659,4.62117080842562,9.03950628244437,6.1622272478975e-12,1.18886706407191e-09,17.0600197674726
"228218_at","3","3q13.31","LSAMP","limbic system-associated membrane protein",2.47456991549694,9.35717177508343,9.57510224539402,1.02126387253729e-12,2.99128188266171e-10,18.8161934475106
"228260_at","9","9p21","ELAVL2","ELAV like neuron-specific RNA binding protein 2",-2.18702399570733,3.78753598364239,-6.86822861820839,1.16679673333571e-08,4.64111406806705e-07,9.67619843730042
"228329_at","1","1p32-p31","DAB1","Dab, reelin signal transducer, homolog 1 (Drosophila)",2.84816615496139,6.51238077872739,8.15458101526571,1.28050146012859e-10,1.30146613703101e-08,14.091967082789
"229124_at","1","1p21","PROK1","prokineticin 1",2.86454586450549,5.25310537214225,6.27449914738522,9.50781624137663e-08,2.55276942900761e-06,7.62617966653754
"229151_at","18","18q12.3","SLC14A1","solute carrier family 14 member 1 (Kidd blood group)",2.5951494582122,10.5148186216522,9.49751295925582,1.32237796497261e-12,3.70484310030023e-10,18.5638620257978
"229244_at","3","3q13.31","LSAMP","limbic system-associated membrane protein",2.80807418949303,5.76350720627136,9.54529800155942,1.12773851761807e-12,3.21545197337493e-10,18.7193514408832
"229339_at","17","17p11.2","MYOCD","myocardin",2.61964127279117,8.25778896381121,9.0792088133489,5.38773058539057e-12,1.11273904955576e-09,17.1913223565231
"229400_at","2","2q31.1","HOXD10","homeobox D10",2.41144393638201,8.97999431528363,9.41575293563533,1.73751453668595e-12,4.70428410567098e-10,18.2971885729311
"229406_at","17","17q25.3","RBFOX3","RNA binding protein, fox-1 homolog (C. elegans) 3",2.83738023323117,5.48700710314932,7.82097976884122,4.0896564015961e-10,3.18272076335809e-08,12.955366445499
"229407_at","7","7p22.2","SDK1","sidekick cell adhesion molecule 1",-2.18963981439749,4.84889245194403,-6.54331068648941,3.67904485671853e-08,1.17013964697546e-06,8.55354278681468
"229518_at","1","1p36.11","FAM46B","family with sequence similarity 46 member B",2.38702523669261,5.56199724453186,7.97101523709611,2.42347337426029e-10,2.12757189769189e-08,13.467552497413
"229537_at","1","1p22.3","LMO4","LIM domain only 4",2.0961863783979,6.4560745294173,7.37448307896232,1.95687273112571e-09,1.0964953482459e-07,11.4230869296828
"229578_at","20","20q13.12","JPH2","junctophilin 2",2.79728417251671,7.1814988372508,10.3891502403768,7.08731996339575e-14,3.49426971645979e-11,21.4183236634126
"229580_at","3","3q23","CLSTN2","calsyntenin 2",3.41541778646878,5.06793662594261,5.46397320822265,1.63022322623149e-06,2.68665790925587e-05,4.85752078255706
"229641_at","18","18q21.32","CCBE1","collagen and calcium binding EGF domains 1",2.28391281711929,5.76321485149958,6.35055514454304,7.2691274514929e-08,2.0526206604702e-06,7.88831967250263
"229716_at","1","1p36.12","UBXN10-AS1","UBXN10 antisense RNA 1",2.47520692212035,7.37649783691165,7.88450036002428,3.27637192950659e-10,2.65897801503206e-08,13.1724003170619
"229724_at","15","15q12","GABRB3","gamma-aminobutyric acid type A receptor beta3 subunit",-2.13402435783607,6.86159265273169,-6.16989309203851,1.37504599734326e-07,3.46597898015488e-06,7.26606075986009
"229762_at","NA","NA","NA","NA",2.02080155934755,7.34215024367643,6.12628235080533,1.60349089138223e-07,3.92575023020093e-06,7.11609418647271
"229912_at","7","7p22.2","SDK1","sidekick cell adhesion molecule 1",-2.83954260939062,7.10975935093508,-9.66439427141927,7.5922120538829e-13,2.3296521920386e-10,19.1056824584168
"230067_at","13","13q14.3","FAM124A","family with sequence similarity 124 member A",2.76743813947857,5.95413039373145,10.2804060754647,1.00747278265611e-13,4.57179796963339e-11,21.0756422301316
"230087_at","14","14q32.12","PRIMA1","proline rich membrane anchor 1",2.80379462656004,8.56669265141963,10.1778360488105,1.40570532031031e-13,5.76929699140554e-11,20.7509994909597
"230312_at","NA","NA","NA","NA",2.79621550505301,8.66475342612443,7.88471214817863,3.27395223177706e-10,2.65897801503206e-08,13.1731234878038
"230323_s_at","11","11q24.3","TMEM45B","transmembrane protein 45B",-2.71384887882838,7.76738322088553,-6.45971413090714,4.9434569461992e-08,1.49132246582015e-06,8.26491541582817
"230378_at","5","5q35.3","SCGB3A1","secretoglobin family 3A member 1",2.34696740875702,6.28642350619565,7.58867193126584,9.22170516020364e-10,6.11345922955969e-08,12.1594743354567
"230425_at","3","3q22.2","EPHB1","EPH receptor B1",2.1211241431204,4.62412887766855,6.13662507289215,1.54610657230515e-07,3.81716533740226e-06,7.15165048572566
"230493_at","13","13q12.13","SHISA2","shisa family member 2",-2.00455615156845,4.53975404798363,-5.05810419388788,6.6021187803767e-06,8.41763612920289e-05,3.50059964421331
"230519_at","13","13q14.3","FAM124A","family with sequence similarity 124 member A",2.1311904920764,8.0323604523065,10.0143026446331,2.39714496779792e-13,9.08630749617424e-11,20.2305864581526
"230577_at","10","10q21.1","LINC00844","long intergenic non-protein coding RNA 844",2.43143284069697,10.5182865092411,6.8920153684926,1.0727453412685e-08,4.32575496249435e-07,9.75838994678799
"230595_at","9","9q13","PGM5-AS1","PGM5 antisense RNA 1",2.30531755477238,9.99675692594119,8.33782803487541,6.79157937722129e-11,7.9281846360396e-09,14.7125939039269
"230778_at","NA","NA","NA","NA",-2.91901599760309,5.51831274684752,-7.81257443838949,4.21150864832306e-10,3.23843907256135e-08,12.9266274685767
"230865_at","5","5q15","LIX1","limb and CNS expressed 1",4.0369555993668,7.07154745908608,7.83748715027639,3.86056722206723e-10,3.05610848471214e-08,13.0117939428159
"231029_at","1","1q23","F5","coagulation factor V",-2.2327920644753,4.91771319837022,-5.13832623614019,5.01679516308696e-06,6.73483847331244e-05,3.76660528786448
"231048_at","NA","NA","NA","NA",2.15133953002707,8.30485613420115,8.23315204443336,9.75312982082396e-11,1.05095682172952e-08,14.3584193775299
"231118_at","1","1q21.1","ANKRD35","ankyrin repeat domain 35",2.32794867665838,6.63806874592111,9.54658854718428,1.12290369778017e-12,3.21545197337493e-10,18.7235469891907
"231137_at","15","15q25.1-q25.2","IDH3A","isocitrate dehydrogenase 3 (NAD+) alpha",2.01185026796863,5.45599849305626,7.85909983996534,3.58001300173012e-10,2.8679327178588e-08,13.085645652859
"231179_at","6","6p21.31","IP6K3","inositol hexakisphosphate kinase 3",2.08666162494207,7.025026317482,8.07199598686703,1.70564150316418e-10,1.64041980867005e-08,13.8113671270142
"231609_at","10","10q25.3","C10orf82","chromosome 10 open reading frame 82",2.17810879050558,3.52276277109736,6.48843308672625,4.46642560079712e-08,1.36882590372919e-06,8.36405272805373
"231766_s_at","6","6q12-q13","COL12A1","collagen type XII alpha 1",-2.63278040776662,8.2976003356978,-6.35641914148958,7.12015820922341e-08,2.02296629050237e-06,7.90854028042411
"231798_at","17","17q22","NOG","noggin",2.31280722792923,5.67100095337107,8.44448262399034,4.70164356307645e-11,5.80391777619771e-09,15.0724746654379
"231867_at","5","5q34","TENM2","teneurin transmembrane protein 2",2.81130144248591,5.54176219547702,10.8454176402923,1.64660802322442e-14,1.17893475333928e-11,22.8390145796899
"232191_at","21","21q22.3","ERVH48-1","endogenous retrovirus group 48 member 1",-2.41071582190817,3.71375994875434,-5.08774218649047,5.96589072337911e-06,7.75686171172524e-05,3.59873592549572
"232332_at","X","Xq24","KIAA1210","KIAA1210",2.71356551796408,8.98098678008671,7.46265406440625,1.43526976962542e-09,8.65972972051713e-08,11.7264833939353
"232381_s_at","5","5p15.2","DNAH5","dynein axonemal heavy chain 5",-3.0188521057218,8.9728318413674,-8.23868959276054,9.56795729650439e-11,1.04498310554602e-08,14.3771792085349
"232481_s_at","13","13q31.1","SLITRK6","SLIT and NTRK like family member 6",2.37428195005695,5.30655569696052,7.51218176432586,1.20609630936990e-09,7.52512961312795e-08,11.8967523769624
"232482_at","11","11p15","OR51E2","olfactory receptor family 51 subfamily E member 2",-4.11553064011018,7.61050271204078,-8.58740332152273,2.87684758319011e-11,3.87820720848544e-09,15.5530864547969
"232553_at","X","Xp22.11","PCYT1B","phosphate cytidylyltransferase 1, choline, beta",2.35812053316406,4.47404858309455,8.87786409199548,1.0665111859063e-11,1.83753603736445e-09,16.5236791942211
"232572_at","9","9q21.2","PCA3","prostate cancer associated 3 (non-protein coding)",-3.38286219222739,3.97743964275501,-8.45559749169219,4.52511722277353e-11,5.62914099615986e-09,15.1099199757985
"232575_at","9","9q21.2","PCA3","prostate cancer associated 3 (non-protein coding)",-6.08334630954137,5.85826492714629,-14.1028157537106,1.06440407742247e-18,3.42940349704746e-15,32.1533755394295
"233059_at","2","2q24.1","KCNJ3","potassium voltage-gated channel subfamily J member 3",2.57096466256684,4.05874567757202,5.87562952330186,3.87164714651654e-07,8.19583438985653e-06,6.25658884463414
"233072_at","9","9q34","NTNG2","netrin G2",2.61704639444275,8.29651339070499,10.5677246370417,3.99053858992999e-14,2.17917225133821e-11,21.9776698192224
"233477_at","19","19q13.41","KLK15","kallikrein related peptidase 15",-2.81142375161496,6.00357363550029,-8.18968680535741,1.13376967528248e-10,1.18216586303968e-08,14.2110814267375
"235019_at","12","12q14.3","CPM","carboxypeptidase M",2.06704000919677,8.19319927003052,5.41336858030153,1.94309556820531e-06,3.11001470998544e-05,4.68693897678914
"235102_x_at","NA","NA","NA","NA",-2.92049701249187,4.35120359123186,-5.69945380972874,7.17624963484461e-07,1.35255118414333e-05,5.65558487407611
"235108_at","2","2p23","KCNK3","potassium two pore domain channel subfamily K member 3",2.5258807926988,4.24909473948728,10.2274314694878,1.19640002747101e-13,5.12628077915908e-11,20.9081442476921
"235111_at","3","3q13.31","LSAMP","limbic system-associated membrane protein",2.35091447798738,4.09121515295289,7.85751463874533,3.59987501512706e-10,2.87090032456383e-08,13.0802299996016
"235368_at","21","21q21.3","ADAMTS5","ADAM metallopeptidase with thrombospondin type 1 motif 5",2.04152481057437,6.93530682033596,7.62028467275628,8.25419275867086e-10,5.5753005553798e-08,12.2679650092505
"235468_at","17","17q25.3","RBFOX3","RNA binding protein, fox-1 homolog (C. elegans) 3",2.90241145934409,6.74348831006025,10.5098060689484,4.80560136848555e-14,2.5805278415206e-11,21.7967162644097
"235494_at","3","3q13.31","LSAMP","limbic system-associated membrane protein",2.15660566044374,8.48858703352082,12.858624603094,3.6149857340049e-17,7.279451585244e-14,28.7672604705057
"235642_at","NA","NA","NA","NA",2.46325146300493,4.82266778178538,7.29812704171586,2.56020622233842e-09,1.35225056192658e-07,11.1600851104375
"235706_at","12","12q14.3","CPM","carboxypeptidase M",2.36527576688718,6.88791508532537,5.34386013646268,2.47176841974543e-06,3.7725204507711e-05,4.45323001664126
"235867_at","1","1p13.3","GSTM3","glutathione S-transferase mu 3 (brain)",2.18737071816787,7.89405808063085,8.79887383709554,1.39573789540436e-11,2.20163226639663e-09,16.2605770790524
"236340_at","NA","NA","NA","NA",-2.03213209535615,6.81177005100213,-6.60284075337838,2.9809610178498e-08,9.88102706112169e-07,8.7591629921521
"236365_at","5","5p13","AMACR","alpha-methylacyl-CoA racemase",-4.24313174329982,5.35008859193865,-14.6595583248434,2.33708646876862e-19,9.41232361715701e-16,33.6019873502714
"236534_at","NA","NA","NA","NA",2.78874455208009,7.77691726215346,7.81316746092517,4.20279314774847e-10,3.23843907256135e-08,12.9286552451085
"236681_at","2","2q31.1","HOXD13","homeobox D13",3.4617519161069,7.3800558973196,12.040193499602,4.08796889012059e-16,5.4879279029498e-13,26.4247627873851
"236745_at","16","16p13.3","CCDC78","coiled-coil domain containing 78",-2.23848898403361,3.56843314929252,-6.66111958641938,2.42600318797526e-08,8.41371331683262e-07,8.9605103720454
"237168_at","13","13q14.3","NEK5","NIMA related kinase 5",-2.34039579162582,6.58276625010458,-10.2241508100421,1.20921611228185e-13,5.12628077915908e-11,20.8977592469028
"237248_at","2","2q31.2","PDE11A","phosphodiesterase 11A",2.53881503164502,8.66793141748162,6.59114813597622,3.10674249949801e-08,1.02034797748549e-06,8.71877148849847
"237390_at","NA","NA","NA","NA",2.00474087440478,7.71071899573555,6.9544218658293,8.60516943792055e-09,3.58667469754673e-07,9.97399996701113
"237397_at","NA","NA","NA","NA",-2.31734873264274,3.84584744469909,-8.07951635301345,1.66165266641362e-10,1.61255383310784e-08,13.8369412510355
"237737_at","NA","NA","NA","NA",-2.32675517635353,4.1902422808907,-6.04613501360384,2.12637484404917e-07,5.00801689330557e-06,6.84078419727451
"237923_at","NA","NA","NA","NA",-2.57043405414101,5.26775788920625,-7.19359146353734,3.70021087520543e-09,1.82799555450572e-07,10.7996811341551
"238175_at","NA","NA","NA","NA",2.62090054913421,7.87794095293707,6.96161555132043,8.38930004660359e-09,3.53299663970161e-07,9.99885062810588
"238463_at","9","NA","GAS1RR","GAS1 adjacent regulatory RNA",2.29285836327388,5.05291521119458,8.65293133597127,2.29817115555983e-11,3.29087895382143e-09,15.7727904825232
"238600_at","4","4p16.1","JAKMIP1","janus kinase and microtubule interacting protein 1",2.09144068080436,4.63978631157475,5.96288522905969,2.84973748336405e-07,6.3628338168057e-06,6.55527318414523
"238681_at","17","17q22","GDPD1","glycerophosphodiester phosphodiesterase domain containing 1",-2.21669788553971,6.65349836335252,-8.78464136286471,1.46515901955808e-11,2.28048108459622e-09,16.213102600153
"238751_at","NA","NA","NA","NA",2.40433212529224,9.05911012180456,9.27831918642688,2.7540921171173e-12,6.52456572951487e-10,17.8471561002237
"238847_at","2","2q31.1","HOXD10","homeobox D10",3.01218060703646,6.68496278153172,7.56624997689895,9.97626261410977e-10,6.50235867857907e-08,12.0824926640783
"238898_at","6","6p21.1","FOXP4-AS1","FOXP4 antisense RNA 1",-2.21778449560994,5.84677781888734,-10.4740621920707,5.39078779949369e-14,2.80138374374011e-11,21.6848198524177
"239319_at","5","5q23.1","LINC00992","long intergenic non-protein coding RNA 992",-2.87574659921573,6.55727751705001,-9.39306725503653,1.8745054004269e-12,4.95038438494706e-10,18.2230554329895
"239367_at","11","11p13","BDNF","brain-derived neurotrophic factor",2.05308564611272,5.86467117090522,7.47845155679776,1.35778034099482e-09,8.31679178831029e-08,11.7808055762001
"239671_at","NA","NA","NA","NA",2.48747436022982,7.67411823875186,6.53943791872354,3.72974708034424e-08,1.18345850867092e-06,8.54016820488878
"239761_at","9","9q13","GCNT1","glucosaminyl (N-acetyl) transferase 1, core 2",-3.10695123962812,7.61131482425929,-8.81697475535852,1.31221742306343e-11,2.1033996593871e-09,16.3209251762615
"240075_at","1","NA","LOC101927417","uncharacterized LOC101927417",2.49919346778596,5.46862389306971,6.92295351006449,9.61680683494506e-09,3.92704561996318e-07,9.86528442634817
"240076_at","NA","NA","NA","NA",-2.28231073618043,4.79049675056595,-6.18164856056675,1.3192248796885e-07,3.35470453028285e-06,7.30650289912062
"240422_at","NA","NA","NA","NA",-2.02043789805708,6.20848837771367,-6.9291213735369,9.40955189528996e-09,3.86199175177513e-07,9.88659383543656
"240838_s_at","15","15q23","DRAIC","downregulated RNA in cancer, inhibitor of cell invasion and migration",-2.0562197684172,6.9233014888913,-6.69612592025324,2.14364055512763e-08,7.66755518197253e-07,9.08147000786727
"241310_at","13","13q14.3","NEK5","NIMA related kinase 5",-2.82218784365543,6.04872916258424,-12.5260792371025,9.58579577071012e-17,1.71580418853616e-13,27.8265977026871
"241726_at","NA","NA","NA","NA",-2.82867802942022,9.10866405509712,-7.47059721259347,1.39576755186996e-09,8.48494995352798e-08,11.7537986323479
"241835_at","NA","NA","NA","NA",2.41826781685899,5.06716017188362,8.94890095731658,8.37773608472023e-12,1.5336493120091e-09,16.7597299356446
"242138_at","2","2q32","DLX1","distal-less homeobox 1",-5.67366251470379,5.03137242882358,-16.8367028826904,8.75178496843359e-22,9.38377508022286e-18,38.8938200735852
"242228_at","12","12p11.2-p11.1","BICD1","bicaudal D homolog 1 (Drosophila)",-2.70089401509054,7.04369415199794,-8.09733972404565,1.56190312935536e-10,1.53423649160672e-08,13.8975347724942
"242260_at","5","5q31.2","MATR3","matrin 3",-2.79023245528013,5.79650539295737,-9.02415016433245,6.49110551386933e-12,1.23967507794075e-09,17.0091882819096
"242391_at","NA","NA","NA","NA",2.53161976991756,5.2259802487421,6.63335797993331,2.67614198376681e-08,9.04749407922172e-07,8.86459189784507
"242414_at","16","16p11.2","QPRT","quinolinate phosphoribosyltransferase",2.09830199297008,6.5860388731632,7.91024560670652,2.99501681808314e-10,2.51948947419897e-08,13.2602872284189
"242525_at","1","1p36.2","SLC2A5","solute carrier family 2 member 5",3.88589081411298,5.90477877498098,8.70119988286042,1.94828212757467e-11,2.82755413821298e-09,15.9343564111104
"243543_at","NA","NA","NA","NA",2.32623849890394,5.86054806133257,5.58030765667442,1.08767451760996e-06,1.91705608768465e-05,5.25095454777562
"243617_at","4","4q31.22","ZNF827","zinc finger protein 827",2.07023262288306,5.4155925642361,8.20739905450033,1.06628616162258e-10,1.12638274889567e-08,14.271141072577
"243672_at","18","18q23","SALL3","spalt-like transcription factor 3",2.46602596032972,7.97517328459923,5.6239516633933,9.34136608458533e-07,1.68894205319447e-05,5.39898593954302
"243928_s_at","13","13q32","ABCC4","ATP binding cassette subfamily C member 4",-2.81143204389919,6.74819964321214,-9.0569003832266,5.80995787140419e-12,1.16267722148305e-09,17.1175661566087
"243938_x_at","5","5p15.2","DNAH5","dynein axonemal heavy chain 5",-3.21994774778211,7.61815401044419,-7.21397158031472,3.44372620288529e-09,1.73908173245707e-07,10.8699729619786
"244572_at","3","3q22.2","KY","kyphoscoliosis peptidase",2.00569044176886,4.76737200773009,6.28696651339327,9.0985557557582e-08,2.4634148562586e-06,7.66913429356632
"244667_at","16","NA","PRCAT47","prostate cancer-associated 47",-4.53190487403589,6.78657878751482,-7.18618003903145,3.79816171197779e-09,1.8597716139546e-07,10.7741157299035
"32128_at","17","17q12","CCL18","C-C motif chemokine ligand 18",-2.37842544306279,4.81370177825755,-5.7527911684779,5.95485768953876e-07,1.15927226525226e-05,5.83722208958281
"33767_at","22","22q12.2","NEFH","neurofilament, heavy polypeptide",2.39066642798892,12.6581592406352,6.74498398571223,1.80364366038715e-08,6.65708578995115e-07,9.2503049826184
